1, 999281036.714684, 998497618.677912
2, 1000158803.458059, 998056546.473785
3, 999053007.910147, 997537377.021482
4, 1001490182.202569, 996779952.888041
5, 1000254180.172842, 995950799.715059
6, 1000873566.485067, 995656926.203127
7, 1000535667.946759, 995463862.718404
8, 1000546724.224414, 995256507.923780
9, 999324996.823840, 994922610.685097
10, 1000109055.447250, 994873686.117948
11, 999909845.234737, 994849966.096485
12, 1000127236.059133, 994820623.226207
13, 999610705.007001, 994785455.613402
14, 999703755.790814, 994754289.383360
15, 999969027.293978, 994398366.049892
16, 1000101406.077989, 993685663.943231
17, 998504558.710091, 993685663.943231
18, 998717610.034011, 992903679.850320
19, 1000166578.507478, 992889334.042035
20, 998709861.799501, 992286705.737427
21, 998732545.360634, 992064045.070500
22, 998702898.054933, 991901543.475661
23, 1001101251.291309, 991792259.937477
24, 999837112.969450, 991780556.803535
25, 1000321235.496976, 991768001.311100
26, 1000729512.151510, 991740912.669638
27, 1002394029.913059, 991729526.585577
28, 999859788.570502, 991565353.646614
29, 1000045909.679669, 991542806.475128
30, 1000287912.622947, 991542806.475128
31, 1000199222.958303, 991528400.799050
32, 999460621.489087, 990592869.462851
33, 1001358792.249885, 990408226.553015
34, 1000777780.799017, 990355250.939606
35, 1001335727.396706, 990334229.939606
36, 998941192.539569, 989655793.873813
37, 1000458273.517411, 989626774.580165
38, 998173449.388164, 989284133.040794
39, 1000128042.247458, 989102617.191477
40, 1001017067.248068, 988897410.637815
41, 1001172589.857799, 988768171.948238
42, 1000339067.849221, 988424018.958034
43, 999416520.293384, 988399905.467609
44, 999858522.764155, 988399905.467609
45, 1001672415.789284, 988387689.048714
46, 999428713.608736, 988287872.828347
47, 998784966.607661, 988012400.756073
48, 1000520514.094243, 988012400.756073
49, 1002627370.813294, 987971862.802429
50, 1001417083.991799, 987971862.802429
51, 1000783266.368501, 987871951.794664
52, 998004966.147169, 987480072.066446
53, 998496871.956156, 987052625.593014
54, 999127916.592091, 987052625.593014
55, 999889963.077031, 986810700.926393
56, 996602357.641645, 985946500.276733
57, 1002067518.860533, 985946500.276733
58, 1000414867.721240, 985769170.490368
59, 1002795454.038325, 985769170.490368
60, 1000217700.173951, 985769170.490368
61, 999537904.126549, 985728599.272984
62, 998571413.571343, 985686946.388776
63, 998289138.518647, 985686946.388776
64, 997910091.955947, 985686946.388776
65, 997435700.066282, 984900501.222729
66, 1000683887.414700, 984879129.088377
67, 998433074.014282, 984544428.421912
68, 999960624.084492, 984544428.421912
69, 1000851118.634765, 984544428.421912
70, 998938965.524482, 984544428.421912
71, 999016908.234512, 984544428.421912
72, 999114510.030891, 984544428.421912
73, 999305754.108868, 984526059.636928
74, 998009884.882050, 984499733.127335
75, 998068706.662041, 983718802.037879
76, 999575754.772268, 983718802.037879
77, 997441804.130519, 983590716.785764
78, 995160160.202269, 983376484.741880
79, 997222911.954317, 983376484.741880
80, 998025793.803382, 983376484.741880
81, 1001129867.421851, 983376484.741880
82, 1002245349.910772, 983376484.741880
83, 1000083395.068695, 983360445.717352
84, 998505879.980940, 982655728.295647
85, 999651779.428032, 982655728.295647
86, 997986174.265434, 982572846.444141
87, 999725160.306902, 982137230.295959
88, 998018130.425892, 982137230.295959
89, 999372831.982718, 981947265.082015
90, 999493011.580217, 981947265.082015
91, 1000506985.155548, 981947265.082015
92, 1000519580.276103, 981862165.669743
93, 1000120388.531806, 981702158.191214
94, 1000999535.487565, 981639106.022432
95, 1001462747.601247, 981606584.048018
96, 999400210.441927, 981450644.795925
97, 998223068.537921, 981331504.807777
98, 997185975.317139, 980286875.865690
99, 998785090.386789, 979993837.951519
100, 996159200.956108, 979734476.549307
101, 993911902.719598, 977932412.431907
102, 995836864.945467, 977932412.431907
103, 996517997.180306, 977932412.431907
104, 998540060.467291, 977928227.783236
105, 999880691.498592, 977928227.783236
106, 1000402076.782391, 977928227.783236
107, 1000448760.591470, 977928227.783236
108, 1000155576.128527, 977928227.783236
109, 1000619321.925024, 977837830.482935
110, 998848564.408349, 977837830.482935
111, 1002261602.243554, 977837830.482935
112, 997832207.704578, 977812077.550158
113, 997893240.501184, 977794035.496114
114, 999520918.421469, 977794035.496114
115, 999997343.352483, 977690658.309368
116, 1001103785.817876, 977690658.309368
117, 1000332132.235475, 977690658.309368
118, 1001814826.797733, 977690658.309368
119, 999018274.846848, 977690658.309368
120, 1000885390.583751, 977690658.309368
121, 1000990339.493181, 977690658.309368
122, 1000095609.887528, 977478595.813182
123, 999229431.093015, 977478595.813182
124, 999786695.507603, 977478595.813182
125, 998173565.894738, 977478595.813182
126, 999918399.480396, 977478595.813182
127, 999815072.458836, 977478595.813182
128, 999775838.509741, 977478595.813182
129, 999945879.767393, 977478595.813182
130, 999706516.123087, 977478595.813182
131, 999881641.974062, 977478595.813182
132, 998961429.865105, 977478595.813182
133, 998682315.128014, 977478595.813182
134, 998610212.495685, 977478595.813182
135, 998221697.320940, 977458702.873404
136, 999514381.794582, 977458702.873404
137, 999629289.233067, 977443907.594826
138, 998968665.258951, 977424653.606617
139, 1000924325.862296, 977424653.606617
140, 999379412.471543, 977424653.606617
141, 999310189.284324, 977424653.606617
142, 999844169.564278, 977424653.606617
143, 999499742.506783, 977387075.084299
144, 1000737175.529803, 977387075.084299
145, 1000645409.980772, 977387075.084299
146, 1001111036.598205, 977387075.084299
147, 1001121268.329485, 977387075.084299
148, 1001189381.953313, 977387075.084299
149, 1000342821.513419, 977342400.799325
150, 1000622707.718572, 977342400.799325
151, 1000190033.507375, 977342400.799325
152, 998530561.808714, 976574937.640777
153, 999956879.615619, 976574937.640777
154, 999971694.953437, 976574937.640777
155, 997847221.211963, 975824839.619470
156, 997562695.652191, 975665289.003302
157, 996606681.686119, 975096618.323387
158, 998699531.212836, 975003391.960231
159, 998925286.878786, 975003391.960231
160, 1000098839.162805, 975003391.960231
161, 999294081.679281, 975003391.960231
162, 998510236.698039, 975003391.960231
163, 997329460.176083, 974235078.550023
164, 996648346.578251, 974235078.550023
165, 998227105.428742, 974235078.550023
166, 999130914.045693, 974235078.550023
167, 996791301.891878, 973509113.780968
168, 998090127.986566, 973509113.780968
169, 999764298.703205, 973509113.780968
170, 1000113848.656594, 973419984.810074
171, 998605112.300455, 972707134.731561
172, 997948245.976232, 972707134.731561
173, 998415169.621183, 972707134.731561
174, 996082784.080826, 972707134.731561
175, 996700440.303681, 972707134.731561
176, 999454558.535310, 972707134.731561
177, 999839433.770477, 972707134.731561
178, 997353790.053854, 972707134.731561
179, 996217597.144721, 972707134.731561
180, 997179657.794519, 972399006.824964
181, 994762559.580313, 971656335.272003
182, 997644817.746802, 971656335.272003
183, 997871067.029686, 971644218.901926
184, 998628805.249982, 969954851.168156
185, 999432551.003847, 969663170.577532
186, 1000423486.057478, 969171125.522490
187, 1002066645.131253, 969171125.522490
188, 999626186.329767, 969120183.704583
189, 999387289.869627, 968922465.383166
190, 995973045.920157, 968922465.383166
191, 995302112.390617, 968922465.383166
192, 996383732.062063, 968922465.383166
193, 999336558.400677, 968546551.055679
194, 1001207121.380459, 968142642.990117
195, 1001970702.347371, 968142642.990117
196, 999136734.185113, 968124751.096518
197, 995509812.172219, 968035640.889532
198, 995662314.866583, 967504233.902425
199, 997353378.870115, 967504233.902425
200, 997899241.469489, 967504233.902425
201, 999517274.889967, 967504233.902425
202, 1001295933.285264, 967504233.902425
203, 997808086.865337, 967504233.902425
204, 999524985.856154, 967504233.902425
205, 997630700.534361, 967504233.902425
206, 999529009.239736, 967504233.902425
207, 999119860.009827, 967504233.902425
208, 999496637.259271, 967504233.902425
209, 1000461417.269288, 967504233.902425
210, 999539507.022531, 967504233.902425
211, 999382032.981472, 967504233.902425
212, 998307180.271838, 967504233.902425
213, 999357120.023337, 967504233.902425
214, 999799742.384490, 967478743.429417
215, 1000619658.454591, 967478743.429417
216, 997352673.187459, 965738932.492367
217, 997390262.118278, 965738932.492367
218, 998272770.114336, 965738932.492367
219, 999249317.471471, 965738932.492367
220, 999154541.294961, 965738932.492367
221, 1001558445.361869, 965738932.492367
222, 1001289280.734592, 965738932.492367
223, 1001098958.772437, 965738932.492367
224, 999053272.371864, 965738932.492367
225, 997864067.594325, 965616173.148096
226, 998432076.304031, 965616173.148096
227, 1000401687.841908, 965616173.148096
228, 1000998647.441799, 965616173.148096
229, 998044953.214682, 965570052.232972
230, 1001604740.492539, 965570052.232972
231, 999571955.060805, 965570052.232972
232, 999199351.962218, 965570052.232972
233, 1000012059.463374, 965570052.232972
234, 1000696715.133639, 965570052.232972
235, 998825943.951113, 965166125.866582
236, 999255960.720673, 965166125.866582
237, 997927028.452934, 964845606.857544
238, 999119077.211637, 964845606.857544
239, 1001054810.053831, 964825849.355860
240, 1002822549.097704, 964825849.355860
241, 1000740505.010140, 964825849.355860
242, 998557988.562585, 964769261.821441
243, 999242225.131346, 964769261.821441
244, 1000270674.417522, 964769261.821441
245, 997356468.529003, 964719895.841859
246, 998010600.432220, 964719895.841859
247, 1000081865.588592, 964201430.441633
248, 999020917.821904, 964201430.441633
249, 996786963.159570, 964201430.441633
250, 996748856.255889, 964201430.441633
251, 998941644.700562, 964201430.441633
252, 998780630.098867, 964201430.441633
253, 997082450.830390, 964201430.441633
254, 1001065999.180167, 964201430.441633
255, 1001519316.038162, 964201430.441633
256, 998693757.801082, 964201430.441633
257, 997234026.718510, 964201430.441633
258, 997967341.356147, 964201430.441633
259, 998409019.757597, 964201430.441633
260, 1002350564.681173, 964201430.441633
261, 998673202.884600, 964201430.441633
262, 998713531.350024, 963788565.148075
263, 999373294.381847, 963788565.148075
264, 998098098.168105, 963788565.148075
265, 1000074094.342548, 963788565.148075
266, 999344487.825792, 963659447.698069
267, 1002736426.185279, 963659447.698069
268, 1000613960.290926, 963659447.698069
269, 998066848.586222, 963659447.698069
270, 997065431.354929, 963659447.698069
271, 999749817.060838, 963504391.500927
272, 997693208.690602, 963504391.500927
273, 997887076.374073, 963504391.500927
274, 1000793348.054003, 963504391.500927
275, 999025620.187885, 963308347.312170
276, 997593621.322473, 963259803.476679
277, 999404625.742196, 963259803.476679
278, 998163340.784747, 963222751.337053
279, 1000401564.301580, 963222751.337053
280, 1000037908.190784, 963222751.337053
281, 999113213.166124, 963222751.337053
282, 998166608.790180, 963222751.337053
283, 1001926212.253635, 963222751.337053
284, 998471077.107930, 963222751.337053
285, 997585238.691404, 962854323.877019
286, 999919316.080936, 962854323.877019
287, 1000795395.414213, 962854323.877019
288, 1001847048.751194, 962854323.877019
289, 996621111.383810, 962736971.136721
290, 997548102.655355, 962736971.136721
291, 998994757.616553, 962650275.686651
292, 997160864.059822, 962465740.506694
293, 995469590.983989, 961629350.892857
294, 994649737.340491, 961629350.892857
295, 998926331.871502, 961629350.892857
296, 1001343101.150932, 961629350.892857
297, 998239978.649373, 961629350.892857
298, 1002721833.122263, 961629350.892857
299, 997639951.902252, 961114361.376653
300, 995418805.943341, 960304841.348509
301, 992768010.160595, 960171271.792234
302, 993255551.261670, 960171271.792234
303, 994274228.448141, 960096649.666281
304, 994994128.237889, 960096649.666281
305, 997350236.489386, 960096649.666281
306, 997835651.181522, 960096649.666281
307, 1001366193.189023, 960096649.666281
308, 998569383.079922, 960096649.666281
309, 998581636.446408, 960096649.666281
310, 998567261.907112, 960096649.666281
311, 998550601.336809, 960096649.666281
312, 1000047195.895406, 960096649.666281
313, 999985441.484995, 960096649.666281
314, 1000170357.268313, 959752208.001016
315, 996585868.141904, 959128687.178405
316, 997650230.731109, 959128687.178405
317, 1000187403.805232, 959128687.178405
318, 1001584512.368018, 959128687.178405
319, 1000875327.276817, 959128687.178405
320, 997956133.117525, 959128687.178405
321, 999973327.827517, 959128687.178405
322, 1000889541.403807, 959128687.178405
323, 998303348.425818, 959128687.178405
324, 999063329.883395, 959128687.178405
325, 997852720.616300, 959128687.178405
326, 998110673.409450, 959128687.178405
327, 998450437.856466, 959128687.178405
328, 996586319.113229, 958420570.797407
329, 996907321.091694, 958420570.797407
330, 997313656.881879, 958420570.797407
331, 997133660.722606, 958420570.797407
332, 996801034.004408, 958420570.797407
333, 998909218.192478, 958420570.797407
334, 995613229.986515, 958420570.797407
335, 996983208.134118, 958420570.797407
336, 998188351.370095, 958420570.797407
337, 997526133.594167, 958420570.797407
338, 998415288.529220, 958420570.797407
339, 1000032303.026006, 958420570.797407
340, 1001441661.382456, 958420570.797407
341, 999545695.056609, 958420570.797407
342, 999778779.963222, 958420570.797407
343, 999116398.059981, 958420570.797407
344, 996668575.767578, 957964649.797837
345, 995136974.301437, 957190500.008863
346, 996146860.365528, 957190500.008863
347, 995778748.140505, 957190500.008863
348, 996319085.997465, 957190500.008863
349, 996091394.392184, 957190500.008863
350, 995925673.138458, 956994219.891980
351, 995039409.983707, 956715203.125198
352, 995764145.833182, 956715203.125198
353, 994957843.497098, 956715203.125198
354, 996901332.849174, 956715203.125198
355, 999350662.909529, 956715203.125198
356, 999188161.988522, 956715203.125198
357, 999302469.601653, 956715203.125198
358, 998536290.979605, 956715203.125198
359, 997695128.242668, 956715203.125198
360, 997786056.464804, 956715203.125198
361, 999829638.538280, 956498367.841392
362, 996676440.434436, 956281193.316397
363, 998723707.624424, 956281193.316397
364, 999291405.974054, 956281193.316397
365, 999885401.812306, 956281193.316397
366, 999671424.963040, 956275692.619200
367, 998922036.188882, 956275692.619200
368, 997811426.968981, 956154661.022934
369, 1000805890.979833, 956154661.022934
370, 996983977.322076, 955848802.857417
371, 994620571.637717, 955848802.857417
372, 996845039.054441, 955848802.857417
373, 996970592.636775, 955848802.857417
374, 996654134.850288, 955848802.857417
375, 996093460.399395, 955848802.857417
376, 997661922.289071, 955848802.857417
377, 997581799.347858, 955809907.594295
378, 998012650.518455, 955809907.594295
379, 997544769.652522, 955625372.414337
380, 999708115.933115, 955625372.414337
381, 997990418.921083, 955283275.719627
382, 997435071.743484, 955283275.719627
383, 997886331.407279, 955283275.719627
384, 1000614208.179006, 955283275.719627
385, 995757714.734877, 954977413.393682
386, 996871428.614218, 954977413.393682
387, 998646577.970703, 954977413.393682
388, 998740187.202804, 954977413.393682
389, 997017880.030650, 954977413.393682
390, 999112282.744601, 954977413.393682
391, 998725317.755158, 954977413.393682
392, 997470291.105745, 954719510.971738
393, 1000003922.093497, 954719510.971738
394, 998516301.168244, 954719510.971738
395, 996574332.925032, 954719510.971738
396, 997767651.806148, 954719510.971738
397, 998539445.511726, 954719510.971738
398, 996817196.740804, 954719510.971738
399, 1000088208.994700, 954719510.971738
400, 999573216.434121, 954719510.971738
401, 999500325.729575, 954719510.971738
402, 998403941.783042, 954719510.971738
403, 1000133499.533383, 954719510.971738
404, 997923087.420503, 954719510.971738
405, 999083818.414339, 954719510.971738
406, 997438237.681429, 954719510.971738
407, 998452884.830022, 954719510.971738
408, 1000755516.591896, 954719510.971738
409, 999616033.041947, 954719510.971738
410, 999280531.980250, 954719510.971738
411, 999262541.856692, 954719510.971738
412, 998708267.804513, 954719510.971738
413, 999254220.297538, 954719510.971738
414, 1000574079.488782, 954719510.971738
415, 999744040.726534, 954719510.971738
416, 999277461.730361, 954719510.971738
417, 1000410873.082667, 954719510.971738
418, 999933310.837485, 954719510.971738
419, 999100015.447708, 954719510.971738
420, 998546456.812628, 954719510.971738
421, 998470302.325633, 954719510.971738
422, 998408187.497485, 954719510.971738
423, 998594683.435352, 954719510.971738
424, 999494192.589802, 954719510.971738
425, 998578052.669374, 954719510.971738
426, 1001246469.161651, 954719510.971738
427, 1001379793.191926, 954719510.971738
428, 1000691912.254949, 954719510.971738
429, 1000184119.821615, 954719510.971738
430, 1000140823.932156, 954719510.971738
431, 999436861.887800, 954719510.971738
432, 1000242726.676479, 954719510.971738
433, 999107096.216606, 954719510.971738
434, 999112082.409516, 954719510.971738
435, 999909289.149614, 954719510.971738
436, 999021577.122754, 954719510.971738
437, 999449535.126382, 954719510.971738
438, 1000460603.248731, 954719510.971738
439, 1001044640.133079, 954719510.971738
440, 1000475290.359068, 954719510.971738
441, 1000485031.384285, 954719510.971738
442, 998815422.734655, 954719510.971738
443, 998717734.143759, 954719510.971738
444, 998782840.561364, 954719510.971738
445, 997388740.754278, 954719510.971738
446, 998742959.401633, 954719510.971738
447, 999271689.430578, 954579145.571691
448, 1000400914.739829, 954579145.571691
449, 1000808629.570385, 954579145.571691
450, 999563834.486828, 954579145.571691
451, 1001031128.645767, 954579145.571691
452, 999612589.840078, 954579145.571691
453, 999897023.030789, 954579145.571691
454, 999657019.699345, 954579145.571691
455, 999530431.792755, 954579145.571691
456, 1000091866.425878, 954579145.571691
457, 1000033988.761945, 954579145.571691
458, 999527586.665873, 954579145.571691
459, 999207619.614858, 954579145.571691
460, 998884824.543101, 954579145.571691
461, 999531602.255252, 954579145.571691
462, 1000224454.507571, 954579145.571691
463, 1000005199.706367, 954579145.571691
464, 999640119.421633, 954579145.571691
465, 998418973.341717, 954579145.571691
466, 997908852.868619, 954579145.571691
467, 999340469.757504, 954579145.571691
468, 997604933.014328, 954579145.571691
469, 998638008.850248, 954579145.571691
470, 997252655.538995, 954579145.571691
471, 998868132.630008, 954579145.571691
472, 999147594.054442, 954579145.571691
473, 998172730.285239, 954579145.571691
474, 999829602.445150, 954579145.571691
475, 999704437.844954, 954579145.571691
476, 999470639.471801, 954579145.571691
477, 999532495.978470, 954579145.571691
478, 997442772.741781, 954579145.571691
479, 998995436.871659, 954579145.571691
480, 998382092.117194, 954579145.571691
481, 998276504.806809, 954579145.571691
482, 998041753.284467, 954579145.571691
483, 998424494.427022, 954579145.571691
484, 996315135.102058, 954402375.771819
485, 998299886.042383, 954402375.771819
486, 998024615.168612, 954402375.771819
487, 997808199.128578, 954402375.771819
488, 1000448285.057552, 954402375.771819
489, 999793660.345779, 954402375.771819
490, 1000362345.827716, 954402375.771819
491, 1001590654.997586, 954402375.771819
492, 1000194054.443183, 954402375.771819
493, 997201730.903596, 954117061.395063
494, 996927683.463267, 954117061.395063
495, 997936325.125597, 954117061.395063
496, 998353755.367977, 954117061.395063
497, 997927400.529683, 954117061.395063
498, 1000644905.752297, 954117061.395063
499, 997951991.607987, 954117061.395063
500, 1000041519.053608, 954117061.395063
501, 996088429.626773, 954117061.395063
502, 998748693.182808, 954117061.395063
503, 998332981.579824, 954047491.610896
504, 998318611.226038, 954047491.610896
505, 996228008.372522, 954047491.610896
506, 999280478.524032, 953930810.811525
507, 997496718.745633, 953930810.811525
508, 999505043.156291, 953930810.811525
509, 994736522.459542, 953870910.970297
510, 996440283.684790, 953870910.970297
511, 994442623.247678, 953564111.496994
512, 993032045.323856, 953137250.700031
513, 994236942.108238, 953137250.700031
514, 992347961.241181, 951654161.879425
515, 991974599.600488, 951408189.050508
516, 990200309.937650, 949739078.896686
517, 989191413.277533, 949713280.387576
518, 989415394.449592, 949713280.387576
519, 989900816.137833, 949713280.387576
520, 990585328.995630, 949713280.387576
521, 995090971.030104, 949248372.366503
522, 993296972.216141, 949248372.366503
523, 993978539.441716, 949248372.366503
524, 994257875.317407, 949248372.366503
525, 994702327.793305, 949248372.366503
526, 994518727.945395, 949248372.366503
527, 995002469.059401, 949248372.366503
528, 996221647.767285, 949248372.366503
529, 994844688.627873, 949248372.366503
530, 995074471.751971, 949248372.366503
531, 995028346.083746, 949248372.366503
532, 993842655.257317, 949248372.366503
533, 994109048.117798, 949248372.366503
534, 994704663.146756, 949248372.366503
535, 997942442.784765, 949248372.366503
536, 997237599.783266, 949248372.366503
537, 996084855.507419, 949248372.366503
538, 996947962.974692, 949248372.366503
539, 998561487.181755, 949248372.366503
540, 997101852.743540, 949248372.366503
541, 996163893.814827, 949248372.366503
542, 996864217.559919, 949248372.366503
543, 996785623.708323, 949248372.366503
544, 996470099.546941, 949248372.366503
545, 994218642.270874, 947948991.331524
546, 996747628.454850, 947948991.331524
547, 996221865.493188, 947948991.331524
548, 996345323.390898, 947948991.331524
549, 998313434.173496, 947948991.331524
550, 998158576.192374, 947948991.331524
551, 994896689.501897, 947948991.331524
552, 993277679.447330, 947948991.331524
553, 993959047.848760, 947948991.331524
554, 994206377.625905, 947948991.331524
555, 992760525.584335, 947948991.331524
556, 994982671.112675, 947948991.331524
557, 994137391.713844, 947948991.331524
558, 992824829.360369, 947948991.331524
559, 994142613.606898, 947948991.331524
560, 994199361.578329, 947948991.331524
561, 994873566.090963, 947948991.331524
562, 991365791.326129, 947284341.334785
563, 991789398.368393, 947284341.334785
564, 990699197.258184, 947284341.334785
565, 992673273.393958, 947284341.334785
566, 992271273.876265, 947284341.334785
567, 992989522.406905, 947284341.334785
568, 993477942.235294, 947284341.334785
569, 994268837.462045, 947048641.348122
570, 994117748.327799, 947048641.348122
571, 994774363.388956, 947048641.348122
572, 992866242.717321, 946449220.634837
573, 994006931.735899, 946449220.634837
574, 994437302.642254, 946449220.634837
575, 994281318.311033, 946449220.634837
576, 993931937.743700, 946397099.147811
577, 996162321.948987, 946397099.147811
578, 996243639.022451, 946397099.147811
579, 995015103.878868, 946397099.147811
580, 996193536.642045, 946397099.147811
581, 995589670.929797, 946397099.147811
582, 995592759.090818, 946397099.147811
583, 995988919.469635, 946397099.147811
584, 996207031.272829, 946397099.147811
585, 997298645.585726, 946397099.147811
586, 998043633.249561, 946397099.147811
587, 998189747.221063, 946397099.147811
588, 998035073.761299, 946397099.147811
589, 996793895.216097, 946397099.147811
590, 996868164.741275, 946397099.147811
591, 996425331.980556, 946397099.147811
592, 997959125.270706, 946397099.147811
593, 998243705.484668, 946397099.147811
594, 997425351.878917, 946397099.147811
595, 995868803.737124, 946397099.147811
596, 996286836.848510, 946397099.147811
597, 996363915.790578, 946397099.147811
598, 999368478.720294, 946397099.147811
599, 998684664.132930, 946397099.147811
600, 997463003.607917, 946397099.147811
601, 998703469.444492, 946397099.147811
602, 996795416.600073, 946397099.147811
603, 995920947.952773, 946181943.164255
604, 994138459.286455, 945289364.945833
605, 993746423.566345, 944662121.752524
606, 992775709.360353, 944662121.752524
607, 993490252.005047, 944662121.752524
608, 993349181.479980, 944662121.752524
609, 992370287.072545, 944662121.752524
610, 993009584.054243, 944662121.752524
611, 993056156.197772, 944662121.752524
612, 992771142.815022, 944662121.752524
613, 992598575.788915, 944662121.752524
614, 994767168.598663, 944662121.752524
615, 994765460.780301, 944662121.752524
616, 995443043.979945, 944662121.752524
617, 994541606.475790, 944662121.752524
618, 996157406.922616, 944662121.752524
619, 994174946.039769, 944662121.752524
620, 994216321.356810, 944662121.752524
621, 993964002.569647, 944662121.752524
622, 994028049.925980, 944662121.752524
623, 994043516.342133, 944662121.752524
624, 994513113.608811, 944662121.752524
625, 993062678.016503, 944662121.752524
626, 992167248.059420, 944662121.752524
627, 991799709.865409, 944662121.752524
628, 993249006.058642, 944662121.752524
629, 992456590.486872, 944662121.752524
630, 992622219.422020, 944662121.752524
631, 991636215.476555, 944662121.752524
632, 991295913.822004, 944662121.752524
633, 991821271.724699, 944662121.752524
634, 992344126.582394, 944662121.752524
635, 991729335.191563, 944662121.752524
636, 991807049.636214, 944662121.752524
637, 991379198.920174, 944662121.752524
638, 991642132.768908, 944662121.752524
639, 990562687.019613, 944662121.752524
640, 991192011.818741, 944662121.752524
641, 991332497.290680, 944662121.752524
642, 991718369.539257, 944662121.752524
643, 991403721.202333, 944520612.140448
644, 992872610.998455, 944520612.140448
645, 991251721.079508, 944520612.140448
646, 991455252.784441, 944520612.140448
647, 994070045.648544, 944520612.140448
648, 993058737.929233, 944520612.140448
649, 992019949.840240, 944520612.140448
650, 993523441.287529, 944520612.140448
651, 992616886.480375, 944520612.140448
652, 994287728.835047, 944332631.453492
653, 993127755.902232, 944332631.453492
654, 995460096.978594, 944332631.453492
655, 993948574.432728, 944332631.453492
656, 993756071.986659, 944332631.453492
657, 992832201.230602, 944332631.453492
658, 989602035.055057, 943803861.607046
659, 988495337.044705, 943693278.273712
660, 988774932.326839, 943693278.273712
661, 986876705.513921, 943571428.949264
662, 987410761.130294, 943571428.949264
663, 984844055.637463, 943571428.949264
664, 986764938.248782, 943571428.949264
665, 985020409.193658, 943225285.473542
666, 983147427.482334, 942490587.817041
667, 981961902.364779, 940095195.632701
668, 981535400.006859, 940095195.632701
669, 980123793.187176, 939092490.825288
670, 979932521.694215, 939092490.825288
671, 980451027.492175, 939092490.825288
672, 981708626.901554, 938846628.343945
673, 981440139.268350, 938607785.932724
674, 987441378.644079, 938607785.932724
675, 981224833.644773, 938607785.932724
676, 980797579.971986, 938607785.932724
677, 981390675.641047, 938607785.932724
678, 977113366.709785, 937893563.909799
679, 978877215.230642, 937893563.909799
680, 976735757.043642, 937893563.909799
681, 976914215.283358, 937893563.909799
682, 975492647.327697, 937467653.316866
683, 973293101.563746, 936357384.017461
684, 973219123.532268, 936357384.017461
685, 974768741.552060, 936357384.017461
686, 974401416.033009, 936357384.017461
687, 974486413.207638, 936357384.017461
688, 973743192.358427, 936146115.732545
689, 970955910.796216, 936069373.358670
690, 973646093.551721, 936069373.358670
691, 974190289.565932, 935153961.864771
692, 973539988.838866, 935153961.864771
693, 973070781.591353, 935153961.864771
694, 972621680.816988, 934718920.464165
695, 971811744.190601, 934718920.464165
696, 972824651.574063, 934718920.464165
697, 972920590.350828, 934718920.464165
698, 972821381.063399, 934718920.464165
699, 973339712.203152, 934718920.464165
700, 975486999.172221, 934653982.794761
701, 975071898.838568, 934653982.794761
702, 976247384.388844, 934653982.794761
703, 976723621.404511, 934653982.794761
704, 974235853.843283, 934653982.794761
705, 973069285.220652, 934653982.794761
706, 972791037.873651, 934653982.794761
707, 972753546.875965, 934653982.794761
708, 972453602.849336, 934653982.794761
709, 973408018.565421, 934653982.794761
710, 972920681.588764, 934653982.794761
711, 972943139.484930, 934497355.810673
712, 971636949.856086, 934221560.315779
713, 976731212.658489, 934221560.315779
714, 977219027.231598, 934057094.581944
715, 976549270.119144, 934057094.581944
716, 976564611.685466, 934057094.581944
717, 975541494.153276, 934057094.581944
718, 976942637.876972, 934057094.581944
719, 976903533.207601, 934057094.581944
720, 975338154.863044, 933976056.096727
721, 976155906.671463, 933976056.096727
722, 975385020.542625, 933976056.096727
723, 975070947.603549, 933976056.096727
724, 973298631.918862, 933976056.096727
725, 972458089.828957, 933598919.899522
726, 972091498.508477, 933598919.899522
727, 973889019.755019, 933598919.899522
728, 973052146.119839, 933598919.899522
729, 972283259.074427, 932718974.275797
730, 970822134.600933, 932718974.275797
731, 970437643.831112, 932718974.275797
732, 970918146.845823, 932661528.088480
733, 970649921.807150, 932661528.088480
734, 972852813.183420, 932661528.088480
735, 972244512.678399, 932661528.088480
736, 972633154.238054, 932661528.088480
737, 971556545.532499, 932368695.243516
738, 972423241.020485, 932368695.243516
739, 972920513.357571, 932368695.243516
740, 969981826.705927, 931702769.645846
741, 969966815.672590, 931702769.645846
742, 970079344.705679, 931702769.645846
743, 969053535.227889, 931256073.573249
744, 967854526.141086, 930204331.873762
745, 968429947.082634, 929970799.593198
746, 968313947.005958, 929970799.593198
747, 968422613.565804, 929761040.888653
748, 969612212.826181, 929761040.888653
749, 968772936.773628, 929761040.888653
750, 968106583.904362, 928943091.780744
751, 968234660.472735, 928943091.780744
752, 968520893.093702, 928943091.780744
753, 967481960.427193, 928943091.780744
754, 967720554.683773, 928943091.780744
755, 968283218.528434, 928943091.780744
756, 968594404.597676, 928943091.780744
757, 967987518.137297, 928943091.780744
758, 967357487.955685, 928943091.780744
759, 967406522.681381, 928943091.780744
760, 968852403.988972, 928943091.780744
761, 968374582.813510, 928943091.780744
762, 969315130.868001, 928882234.143795
763, 968834635.023250, 928882234.143795
764, 968320110.265716, 928882234.143795
765, 968893465.549339, 928882234.143795
766, 969448363.962380, 928882234.143795
767, 969787982.238169, 928882234.143795
768, 970797950.340851, 928882234.143795
769, 971438133.345028, 928882234.143795
770, 971865843.349539, 928882234.143795
771, 969945012.380655, 928882234.143795
772, 970212409.791491, 928882234.143795
773, 969637938.787610, 928882234.143795
774, 969806104.354117, 928882234.143795
775, 971238456.879507, 928882234.143795
776, 971611721.049830, 928882234.143795
777, 968327058.984370, 928429828.140010
778, 968803287.546906, 928429828.140010
779, 968971190.878878, 928429828.140010
780, 967660055.602879, 927488517.001089
781, 968970034.797633, 927488517.001089
782, 967453658.956040, 927445284.186797
783, 967122071.279671, 926079182.803539
784, 967560284.537209, 926079182.803539
785, 965331735.906643, 926079182.803539
786, 965302974.845579, 926079182.803539
787, 965290953.721324, 926079182.803539
788, 965236013.002750, 926079182.803539
789, 964828980.601612, 925835922.696761
790, 964765817.750879, 925835922.696761
791, 965639971.711891, 925835922.696761
792, 966172362.780264, 925835922.696761
793, 967032307.026397, 925835922.696761
794, 965813715.254097, 925835922.696761
795, 965739155.248635, 925835922.696761
796, 965158980.689351, 925835922.696761
797, 965751298.255966, 925835922.696761
798, 965441844.305403, 925835922.696761
799, 965329926.379182, 925835922.696761
800, 964282778.914202, 925835922.696761
801, 964985478.368559, 925835922.696761
802, 964972645.001142, 925835922.696761
803, 964708035.473582, 925835922.696761
804, 964703360.762250, 925783283.511502
805, 965023270.670577, 925783283.511502
806, 964667057.297144, 924964635.594446
807, 964960895.896483, 924964635.594446
808, 965191590.795239, 924964635.594446
809, 965164459.454229, 924964635.594446
810, 964240480.749071, 924964635.594446
811, 963651317.260556, 924964635.594446
812, 961471198.708111, 924964635.594446
813, 963284489.976595, 924964635.594446
814, 963546713.868112, 924964635.594446
815, 963631537.687312, 924964635.594446
816, 961999512.723620, 924860045.467899
817, 960966034.551137, 924860045.467899
818, 960974599.635364, 924860045.467899
819, 959869383.566511, 924860045.467899
820, 958493698.553805, 924860045.467899
821, 958667789.038606, 924860045.467899
822, 957436753.026390, 924860045.467899
823, 957528628.959596, 924860045.467899
824, 957633963.238148, 924860045.467899
825, 958425777.552297, 924860045.467899
826, 957359388.653486, 924860045.467899
827, 957091223.490963, 924860045.467899
828, 956674523.414943, 924698480.299983
829, 956656010.329041, 924698480.299983
830, 957736348.449900, 924635225.461494
831, 957474927.939468, 924635225.461494
832, 957110622.277910, 924635225.461494
833, 956690679.219725, 924635225.461494
834, 955817662.818989, 924629804.439351
835, 954869026.496082, 924629804.439351
836, 954945504.603134, 924629804.439351
837, 954370815.781152, 924629804.439351
838, 954062195.645776, 924629804.439351
839, 951506764.868756, 924629804.439351
840, 951500552.637228, 924629804.439351
841, 951521170.421867, 924629804.439351
842, 951285607.979900, 924545095.283786
843, 951193666.360426, 924545095.283786
844, 950196384.123658, 924545095.283786
845, 949683110.265330, 924288904.308335
846, 949802816.224197, 924288904.308335
847, 948915970.009880, 924288904.308335
848, 946623643.549773, 922159564.852871
849, 947042045.017924, 922159564.852871
850, 946213965.205881, 921396973.129161
851, 946904663.199432, 921396973.129161
852, 945204933.557836, 920794017.024840
853, 945486967.139133, 920709444.256202
854, 944845711.035686, 920709444.256202
855, 945451927.663683, 920709444.256202
856, 945975210.869804, 920709444.256202
857, 945578595.810630, 920709444.256202
858, 946346382.457678, 920709444.256202
859, 944670537.855415, 919891495.148293
860, 945213105.082404, 919891495.148293
861, 944979507.378394, 919891495.148293
862, 944796173.352516, 919645632.666949
863, 945521260.089243, 919645632.666949
864, 945933798.882009, 919645632.666949
865, 945255948.368315, 919645632.666949
866, 944204701.545855, 919237511.742190
867, 943941385.773800, 919237511.742190
868, 942801935.186443, 919237511.742190
869, 943355849.818764, 919133784.657206
870, 943568621.214492, 919133784.657206
871, 944155249.825431, 919133784.657206
872, 944091887.744028, 919133784.657206
873, 944584133.272663, 919133784.657206
874, 943878643.351264, 919133784.657206
875, 943516142.835847, 919133784.657206
876, 943540798.689530, 919133784.657206
877, 943873901.700731, 919133784.657206
878, 944057620.762133, 919133784.657206
879, 945521483.361298, 919133784.657206
880, 944483091.849248, 919133784.657206
881, 944535120.146634, 919133784.657206
882, 943290049.881236, 918990799.953971
883, 944046153.679869, 918990799.953971
884, 944398155.207303, 918990799.953971
885, 944436419.588900, 918990799.953971
886, 944437995.479194, 918990799.953971
887, 943756356.961408, 918990799.953971
888, 943221626.866981, 918990799.953971
889, 942749230.284798, 918990799.953971
890, 943173445.333855, 918990799.953971
891, 943064512.602523, 918990799.953971
892, 943323830.279606, 918990799.953971
893, 944396238.614586, 918496258.538122
894, 943609955.666603, 918492178.505667
895, 943129901.188609, 917699378.500387
896, 942922569.195550, 917699378.500387
897, 942652473.209932, 917699378.500387
898, 942678080.168678, 917368742.995793
899, 942249179.015795, 917368742.995793
900, 943310707.471430, 917368742.995793
901, 943448854.016941, 917368742.995793
902, 942614382.639349, 917368742.995793
903, 942322587.618879, 917268132.398375
904, 942191667.915557, 917268132.398375
905, 942005623.083974, 917268132.398375
906, 941770377.736634, 917268132.398375
907, 940500975.649872, 917268132.398375
908, 940661150.233291, 917268132.398375
909, 940390034.647448, 917268132.398375
910, 940260430.055946, 917268132.398375
911, 939882515.390958, 917158984.291249
912, 939343115.203849, 917158984.291249
913, 939889417.132620, 917158984.291249
914, 940537714.566364, 917158984.291249
915, 940462731.516702, 917158984.291249
916, 940382392.639983, 917158984.291249
917, 939512735.135584, 917158984.291249
918, 940330860.716889, 917158984.291249
919, 939992456.981799, 917158984.291249
920, 938228417.416897, 917158984.291249
921, 938778880.104570, 917158984.291249
922, 938175062.283428, 917158984.291249
923, 938281613.252184, 917158984.291249
924, 937742641.737045, 916983389.262163
925, 937614919.892951, 916977968.240020
926, 937557706.762015, 916977968.240020
927, 937440376.789923, 916977968.240020
928, 937144675.564750, 916500889.535325
929, 936836453.053350, 916500889.535325
930, 936030368.330314, 916500889.535325
931, 936124871.138343, 916500889.535325
932, 935893201.373842, 916500889.535325
933, 936555375.013893, 916500889.535325
934, 936580947.170388, 916500889.535325
935, 936683000.808208, 916500889.535325
936, 936695692.595163, 916397162.450342
937, 936597494.158824, 916393206.055234
938, 936804125.405037, 916393206.055234
939, 936580634.482487, 916332348.418285
940, 936369453.912575, 916332348.418285
941, 935734104.029295, 915950453.628165
942, 934730942.376761, 915950453.628165
943, 934595486.109798, 915950453.628165
944, 934738478.504071, 915950453.628165
945, 934400346.530515, 915707193.521386
946, 935340891.833294, 915707193.521386
947, 934448511.816120, 915707193.521386
948, 934037156.883587, 915615085.591271
949, 934119476.652077, 915615085.591271
950, 934101112.139629, 915615085.591271
951, 933927676.154789, 915615085.591271
952, 934084871.864537, 915527938.298941
953, 934263069.206435, 915527938.298941
954, 933600541.481751, 915527938.298941
955, 933464248.493275, 915527938.298941
956, 934679705.320084, 915527938.298941
957, 933596266.436784, 915527938.298941
958, 933001547.633967, 915527938.298941
959, 932722262.112577, 915276797.453932
960, 932247036.824931, 915112331.720097
961, 931918640.469118, 915112331.720097
962, 931194595.983840, 915112331.720097
963, 930451316.362989, 914744372.537787
964, 931156898.947419, 914744372.537787
965, 931022924.877352, 914557934.592210
966, 930631882.414769, 914557934.592210
967, 929232673.696886, 914557934.592210
968, 929715392.836060, 914557934.592210
969, 929483358.264595, 914557934.592210
970, 929714886.343264, 914557934.592210
971, 929570907.976857, 914557934.592210
972, 929548500.759718, 914557934.592210
973, 929864180.941462, 914557934.592210
974, 929804385.977766, 914557934.592210
975, 929622397.354072, 914557934.592210
976, 929172186.450524, 914557934.592210
977, 928982654.805363, 914557934.592210
978, 928669372.888406, 914557934.592210
979, 928759168.330733, 914557934.592210
980, 928812237.446231, 914456332.029439
981, 928914586.727448, 914205191.184430
982, 929190356.038729, 914205191.184430
983, 929710136.774525, 914205191.184430
984, 929279652.552053, 914108242.345667
985, 929297419.052499, 914108242.345667
986, 926972018.395724, 913549075.580515
987, 925812224.921070, 913549075.580515
988, 925323169.311240, 913485820.742025
989, 925046210.829424, 913485820.742025
990, 925325176.806205, 913485820.742025
991, 925376104.930031, 913485820.742025
992, 925129025.179544, 913485820.742025
993, 925218546.535923, 913485820.742025
994, 925164871.362392, 913485820.742025
995, 924983431.223897, 913485820.742025
996, 924986519.600242, 913485820.742025
997, 925137345.126283, 913485820.742025
998, 925563517.675675, 913485820.742025
999, 925698161.096186, 913485820.742025
1000, 925222599.900840, 913485820.742025
1001, 925107281.784162, 913485820.742025
1002, 925162744.444965, 913485820.742025
1003, 925375903.353770, 913485820.742025
1004, 925376326.474091, 913485820.742025
1005, 925337430.765316, 913485820.742025
1006, 925512288.541857, 913485820.742025
1007, 925166374.097981, 913449716.965226
1008, 925123043.093110, 913449716.965226
1009, 924937619.837564, 913384779.295822
1010, 925017135.191902, 913304154.032294
1011, 925006128.156011, 913243296.395345
1012, 924635597.331503, 913243296.395345
1013, 924760154.677142, 913243296.395345
1014, 924616319.480335, 913243296.395345
1015, 924823873.765665, 913243296.395345
1016, 924657371.826222, 913243296.395345
1017, 924834230.780455, 913243296.395345
1018, 924941495.371583, 913243296.395345
1019, 924882900.676328, 913243296.395345
1020, 924932589.709222, 913243296.395345
1021, 923908259.742561, 913243296.395345
1022, 923089235.940814, 912434206.023524
1023, 923030667.703107, 912434206.023524
1024, 922962791.548498, 912434206.023524
1025, 922958719.140762, 912434206.023524
1026, 923061012.676384, 912434206.023524
1027, 922624028.644129, 912434206.023524
1028, 922681049.177181, 912434206.023524
1029, 922742640.138268, 912434206.023524
1030, 922870393.819481, 912434206.023524
1031, 922519700.467841, 912333595.426106
1032, 922021142.375341, 912333595.426106
1033, 922015507.321561, 912333595.426106
1034, 921793199.948027, 912333595.426106
1035, 920767226.042003, 911624794.425324
1036, 920693429.252043, 911624794.425324
1037, 920811087.178210, 911624794.425324
1038, 920645075.827581, 911624794.425324
1039, 921583348.360756, 911624794.425324
1040, 921547950.007601, 911624794.425324
1041, 920900016.852035, 911624794.425324
1042, 921104023.253908, 911624794.425324
1043, 920769864.586578, 911624794.425324
1044, 920816820.591864, 911624794.425324
1045, 920009862.028618, 911624794.425324
1046, 920010567.370921, 911624794.425324
1047, 919757481.959059, 911624794.425324
1048, 919926054.875773, 911624794.425324
1049, 920095912.719143, 911624794.425324
1050, 921129540.106889, 911624794.425324
1051, 921205751.113005, 911624794.425324
1052, 920904169.512007, 911624794.425324
1053, 920962613.180975, 911624794.425324
1054, 920832908.267330, 911521067.340340
1055, 921104666.530233, 911521067.340340
1056, 921255109.071781, 911521067.340340
1057, 921167208.080964, 911521067.340340
1058, 920058770.819692, 911521067.340340
1059, 919208578.680799, 911220437.660147
1060, 919190430.985859, 911220437.660147
1061, 919102637.542451, 911220437.660147
1062, 919689480.326254, 911140800.734933
1063, 919577130.795590, 911140800.734933
1064, 919674240.053737, 911140800.734933
1065, 919915524.875945, 911140800.734933
1066, 920274305.678518, 911140800.734933
1067, 919502055.561365, 911031968.574128
1068, 919461729.525066, 910984906.836565
1069, 919463418.515405, 910984906.836565
1070, 917653213.136191, 909421984.074554
1071, 917808285.589615, 909421984.074554
1072, 917727778.531613, 909421984.074554
1073, 917644935.340335, 909421984.074554
1074, 917665090.798405, 909421984.074554
1075, 916941463.723333, 909421984.074554
1076, 916770679.870150, 909421984.074554
1077, 916983218.742878, 909421984.074554
1078, 916824972.839488, 909312835.967427
1079, 916647728.713783, 909312835.967427
1080, 916900232.931085, 909312835.967427
1081, 916769214.790015, 909312835.967427
1082, 915927939.493397, 909312835.967427
1083, 915927305.730350, 909312835.967427
1084, 915909067.416145, 909312835.967427
1085, 915909514.782292, 909312835.967427
1086, 915911964.513667, 909312835.967427
1087, 915559077.955904, 909312835.967427
1088, 915540684.713185, 909312835.967427
1089, 915540684.713185, 909312835.967427
1090, 915658624.445569, 909312835.967427
1091, 915460056.433488, 909312835.967427
1092, 915477472.275400, 909312835.967427
1093, 915085723.221314, 909203687.860301
1094, 915083026.711603, 909203687.860301
1095, 915180481.980213, 909203687.860301
1096, 915178535.410076, 909203687.860301
1097, 914952795.924966, 909203687.860301
1098, 914669412.168630, 909203687.860301
1099, 914847184.719852, 909203687.860301
1100, 914847184.719852, 909203687.860301
